movie_id,movie_name,movie_url,movie_year
69174,恋空,http://movie.mtime.com/69174/,2007
72296,这个男人来自地球,http://movie.mtime.com/72296/,2007
38984,怪物史瑞克3,http://movie.mtime.com/38984/,2007
51963,魔法奇缘,http://movie.mtime.com/51963/,2007
69576,遗愿清单,http://movie.mtime.com/69576/,2007
46133,热血警探,http://movie.mtime.com/46133/,2007
49498,仙境之桥,http://movie.mtime.com/49498/,2007
67990,附注：我爱你,http://movie.mtime.com/67990/,2007
53495,杀手：代号47,http://movie.mtime.com/53495/,2007
54010,1408幻影凶间,http://movie.mtime.com/54010/,2007
45557,落叶归根,http://movie.mtime.com/45557/,2007
45948,天堂口,http://movie.mtime.com/45948/,2007
19246,尖峰时刻3,http://movie.mtime.com/19246/,2007
50703,尼斯湖怪·深水传说,http://movie.mtime.com/50703/,2007
45583,星尘,http://movie.mtime.com/45583/,2007
47842,苹果,http://movie.mtime.com/47842/,2007
40704,忍者神龟,http://movie.mtime.com/40704/,2007
50928,辛普森一家,http://movie.mtime.com/50928/,2007
50580,K歌情人,http://movie.mtime.com/50580/,2007
51602,美味情缘,http://movie.mtime.com/51602/,2007
52398,秒速5厘米,http://movie.mtime.com/52398/,2007
76713,暹罗之恋,http://movie.mtime.com/76713/,2007
52507,预见未来,http://movie.mtime.com/52507/,2007
50625,生化危机3：灭绝,http://movie.mtime.com/50625/,2007
48909,十二宫,http://movie.mtime.com/48909/,2007
25418,黄金罗盘,http://movie.mtime.com/25418/,2007
46019,导火线,http://movie.mtime.com/46019/,2007
68393,迷雾,http://movie.mtime.com/68393/,2007
52841,荒野生存,http://movie.mtime.com/52841/,2007
68787,命运呼叫转移,http://movie.mtime.com/68787/,2007
51560,神探,http://movie.mtime.com/51560/,2007
46987,十三罗汉,http://movie.mtime.com/46987/,2007
44836,蓝莓之夜,http://movie.mtime.com/44836/,2007
32868,声梦奇缘,http://movie.mtime.com/32868/,2007
23179,灵魂战车,http://movie.mtime.com/23179/,2007
49738,歌舞青春2,http://movie.mtime.com/49738/,2007
16789,虎胆龙威4,http://movie.mtime.com/16789/,2007
50648,生死狙击,http://movie.mtime.com/50648/,2007
49757,男儿本色,http://movie.mtime.com/49757/,2007
49376,神奇4侠2：银影侠来袭,http://movie.mtime.com/49376/,2007
13176,龙之战,http://movie.mtime.com/13176/,2007
50673,贝奥武夫,http://movie.mtime.com/50673/,2007
58585,热血高校,http://movie.mtime.com/58585/,2007
50671,美国黑帮,http://movie.mtime.com/50671/,2007
50639,异形大战铁血战士2,http://movie.mtime.com/50639/,2007
50292,玫瑰人生,http://movie.mtime.com/50292/,2007
52453,电锯惊魂4,http://movie.mtime.com/52453/,2007
55024,大电影2.0之两个傻瓜的荒唐事,http://movie.mtime.com/55024/,2007
45550,生日快乐,http://movie.mtime.com/45550/,2007
52904,血色将至,http://movie.mtime.com/52904/,2007
44741,夜·上海,http://movie.mtime.com/44741/,2007
45699,铁三角,http://movie.mtime.com/45699/,2007
52567,赶尽杀绝,http://movie.mtime.com/52567/,2007
52018,保姆日记,http://movie.mtime.com/52018/,2007
51376,决斗犹马镇,http://movie.mtime.com/51376/,2007
55317,一夜大肚,http://movie.mtime.com/55317/,2007
56093,我在伊朗长大,http://movie.mtime.com/56093/,2007
55741,鼠来宝,http://movie.mtime.com/55741/,2007
51600,充气娃娃之恋,http://movie.mtime.com/51600/,2007
68090,C+侦探,http://movie.mtime.com/68090/,2007
32446,变形金刚,http://movie.mtime.com/32446/,2007
46029,集结号,http://movie.mtime.com/46029/,2007
54118,憨豆的黄金周,http://movie.mtime.com/54118/,2007
45607,太阳照常升起,http://movie.mtime.com/45607/,2007
38260,加勒比海盗：世界的尽头,http://movie.mtime.com/38260/,2007
50634,我是传奇,http://movie.mtime.com/50634/,2007
50467,不能说的秘密,http://movie.mtime.com/50467/,2007
47872,投名状,http://movie.mtime.com/47872/,2007
50527,谍影重重3,http://movie.mtime.com/50527/,2007
49495,哈利·波特与凤凰社,http://movie.mtime.com/49495/,2007
22321,蜘蛛侠3,http://movie.mtime.com/22321/,2007
25599,美食总动员,http://movie.mtime.com/25599/,2007
53155,老无所依,http://movie.mtime.com/53155/,2007
45666,色·戒,http://movie.mtime.com/45666/,2007
50695,理发师陶德,http://movie.mtime.com/50695/,2007
48359,爱情呼叫转移,http://movie.mtime.com/48359/,2007
51656,朱诺,http://movie.mtime.com/51656/,2007
51213,赎罪,http://movie.mtime.com/51213/,2007
45553,门徒,http://movie.mtime.com/45553/,2007
53234,成为简·奥斯汀,http://movie.mtime.com/53234/,2007
